http://www.ahava-france.fr,Ahava,InterAgilité,Marchand,25/11/2011
http://asaia-coaching.eu,ASAIA,LOOM STUDIO,Vitrine,29/02/2012
http://www.remigiffon.com,ATELIER REMI GIFFON,Gimmick Box,Vitrine,10/01/2012
http://www.marietton.com,Auto-école Marietton,onetlo,Vitrine,01/10/2010
http://www.bahadourian.com,bahadourian,la republique du clic,Marchand,01/09/2011
http://www.baroco-lyon.fr,BAROCO,ABACTALAB | Marck Seignol,Vitrine,29/07/2011
http://www.bebefaitsaliste.com,Bébé fait sa liste.com,SARL Webqam,Marchand,27/02/2012
http://www.gemme-les-bijoux.com,Bijouterie GEMME,AT SERVICE,Marchand,16/12/2010
http://www.weloveboon.com,BOON,BLEU PIMENT ,Vitrine,01/07/2010
http://www.boucherie-bellemin.fr,Boucherie Bellemin,Omaha-Beach,Vitrine,15/12/2011
http://www.canadienne-griffes.fr,CANADIENNE GRIFFES,ICE DEVELOPMENT,Marchand,07/12/2010
http://carokado.com,Carokado,Myeshop,Marchand,15/03/2008
http://www.chocolatier-bouillet.com,Chocolatier Bouillet,Stargraf,Vitrine,15/09/2011
http://www.chronostock.fr,CHRONOSTOCK,Fragmentek,Marchand,10/10/2011
http://www.produits-traitement-bois.com,Comptoir des Produits Bois,Envol Numérique,Marchand,01/09/2010
http://www.cuisines-aviva.com,Cuisines Aviva,Enyware Web Agence,Vitrine,11/07/2011
http://www.delorientaloccident.fr,De l'orient à l'occident,Le cyclope du web,Vitrine,27/02/2012
http://desfillesenor.com,des filles en or,la republique du clic,Marchand,01/11/2011
http://www.dockouest.com,DOCK OUEST,Studiomilk,Marchand,13/04/2011
http://www.joe-corner.com,Dressing 17,VALRAISO,Marchand,05/09/2011
http://www.dtoursetdesvins.fr,D'tours et des vins,Créawell,Marchand,24/11/2011
http://www.edenbelt.com,eden belt,ajt communication,Vitrine,01/03/2011
http://www.eligo-bois.fr/,ELIGO BOIS,MB Création,Marchand,01/02/2011
http://www.elowomum.com/,Elo WoMum,MACCHIATINO,Marchand,15/10/2011
http://www.emiliencoralie.com,EMILIEN CORALIE,Moov'up,Marchand,01/01/2012
http://www.entre-vues.fr/,Entre[vues],DIAPO - Dancette,Vitrine,01/12/2009
http://www.cosmetique-naturel-evanel.com,EVANEL COSMETIQUE,AVANIM PROD,Marchand,01/03/2011
http://www.fertoret.fr,FERTORET IMMOBILIER,ENYWARE WEB AGENCE,Vitrine,24/11/2011
http://www.frederic-moreno.com/,Frederic MORENO,Actitudes,Vitrine,01/04/2011
http://www.gourmandisesdecamille.com,Gourmandises de Camille,Axome,Marchand,26/09/2011
http://www.optique-enfant.com,Gumii Optique Enfant,Presence-PME,Vitrine,18/08/2011
http://www.hotelissima.com,HOTELISSIMA,VALRAISO,Marchand,01/09/2009
http://www.initialdeco.fr,INITIAL DECO,KIRIOLA,Marchand,16/02/2012
http://www.joursdeprintemps.com,Jours de Printemps,Karanbole,Vitrine,04/07/2011
http://www.kumkat.com,KUMKAT,AVANIM,Marchand,05/01/2009
http://www.bocuse.fr,L'AUBERGE DU PONT DE COLLONGES - PAUL BOCUSE,VISUAL LINK,Vitrine,15/12/2011
http://www.luxenolimit.com,LE COMPTOIR DES MARQUES,COMPTOIR DES MARQUES,Marchand,01/10/2010
http://www.lemarchanddesons.fr,Le Marchand de Sons,Asetane,Marchand,21/11/2011
http://allandickens.com,Les Créations Allan Dickens,Blackthorns,Vitrine,29/02/2012
http://www.lesenfantsdudesign.com,LES ENFANTS DU DESIGN,DediServices,Marchand,15/09/2011
http://ns351573.ovh.net/~lulufrenchie/new/,LULU FRENCHIE,MY BAND MARKET,Marchand,29/02/2012
http://www.lyonmaster.fr,Lyon Master,Ice Development,Marchand,15/10/2010
http://www.madame-artisanfleuriste.fr/,MADAME Artisan Fleuriste,Studio des 2 Prairies,Marchand,05/10/2011
http://www.mademoiselledimanche.com,Mademoiselle Dimanche,Rezo Zero,Marchand,09/11/2011
http://www.maisonhomedesign.fr,Maison Home Design,SARL MUTE,Vitrine,15/02/2012
http://www.milpau.com,MILPAU,AVANIM PRODUCTION,Marchand,06/10/2011
http://www.shop.nathaliechaize.fr/,Nathalie Chaize,Addonline,Marchand,06/10/2011
http://www.nathaliechaize.fr/,Nathalie Chaize,Addonline,Vitrine,20/04/2011
http://www.neoverda.fr,NEOVERDA,ADDONLINE,Marchand,20/11/2011
http://www.nyackboutique.fr,Nyack,Studio SNKZ,Marchand,12/10/2011
http://www.ollyboutique.com,Olly Boutique,IdNext,Marchand,01/04/2010
http://www.opticiens-torrilhon.fr/,Opticiens J.Torrilhon,AKARU,Vitrine,01/06/2011
http://www.papierspeintsdirect.com,papierspeintsdirect.com,Synolia,Marchand,29/09/2008
http://www.papze.com/,PAPZE,EDISPO,Marchand,20/05/2011
http://www.placedesgones.com,Place des Gones,DediServices,Marchand,08/12/2011
http://raphaele-meubles.com,Raphaele meubles,Communimix,Vitrine,07/12/2011
http://www.achatnature.com,SARL ETHIK ET NATURE,SYNOLIA,Marchand,20/06/2010
http://www.boutique-seve.com,SEVE,AXOME,Marchand,22/11/2011
http://www.suckle.fr,SUCKLE,ENYWARE WEB AGENCE,Marchand,27/02/2012
http://www.tikihall.com,Tikihall,Actitudes,Marchand,01/09/2011
http://www.unpiedaudomaine.com,Un Pied au Domaine.com,acti,Marchand,12/12/2011
http://vinsnature.fr/,VINSNATURE,SOLIRE,Marchand,10/02/2012
http://www.wallstreetskateshop.com,Wall Street Skateshop,Studio SNKZ,Marchand,01/11/2011
http://www.zakaia.com,Zakaia.com,Zakaia.com(Webdesigner),Marchand,25/10/2011
http://www.zilli.fr,ZILLI,ENYWARE WEB AGENCE,Vitrine,15/11/2011
